{
  "num__total_area": 0.6155780509463887,
  "num__upah_ratio": 0.21087945992530574,
  "num__material_base_price": 0.09716434202000973,
  "num__complexity_score": 0.016007534997389057,
  "num__material_thickness_interaction": 0.008527189483610809,
  "num__cost_per_unit": 0.007776584182208378,
  "num__area_complexity": 0.005870522005319254,
  "num__ukuran": 0.004627348953530678,
  "cat__jenis_material_Hollow": 0.003746329577360988,
  "num__material_premium_index": 0.003489665394352748,
  "cat__finishing_Tanpa Cat": 0.002978266597443782,
  "cat__produk_Kanopi": 0.002669239453511715,
  "num__jumlah_unit": 0.0023979210699848837,
  "num__jumlah_lubang": 0.0018389596065154711,
  "num__labor_intensity": 0.0015807594187238062,
  "cat__jenis_material_Hollow Stainless": 0.0015074626355020733,
  "num__ketebalan_material": 0.00112364552001964,
  "cat__profile_size_4x6": 0.0010732934214674665,
  "num__thickness_delta": 0.001033478200369799,
  "num__thickness_premium": 0.001003687295464971,
  "num__total_lubang": 0.0009772966574878997,
  "num__profile_premium": 0.0009031089465061953,
  "cat__metode_hitung_PER-M2": 0.0007166303326688393,
  "cat__produk_Railing": 0.0006912342483886737,
  "num__profile_numeric": 0.000684169343370994,
  "cat__metode_hitung_PER-M": 0.0006175173700235314,
  "num__complexity_premium": 0.0005578596571796566,
  "cat__profile_size_1.5inch": 0.000507445460738677,
  "cat__jenis_material_Pipa Stainless": 0.0004793705401796523,
  "ord__kerumitan_desain": 0.00033746972331780156,
  "num__kerumitan_numeric": 0.000318302886435638,
  "cat__profile_size_4x8": 0.0002514683272399581,
  "cat__produk_Pintu Handerson": 0.0002374538056445022,
  "cat__produk_Pagar": 0.0002315634035612835,
  "cat__profile_size_4x4": 0.0002167218877649928,
  "cat__profile_size_2inch": 0.00021672080020585085,
  "remainder__is_per_m2": 0.00020733329456234788,
  "cat__produk_Pintu Gerbang": 0.00019215791101918843,
  "cat__finishing_Cat Biasa": 0.0001468422900446631,
  "cat__finishing_Cat Dasar": 0.00013859445473671182,
  "cat__profile_size_4x7": 0.00011947648886050231,
  "num__finishing_premium": 0.00011244281790404051,
  "cat__profile_size_1x3": 7.795687763721262e-05,
  "cat__finishing_Cat Duco": 7.544443687891074e-05,
  "cat__profile_size_2x2": 4.742838618291307e-05,
  "cat__metode_hitung_PER-LUBANG": 2.5993389156018354e-05,
  "remainder__is_per_lubang": 2.325572372502078e-05,
  "cat__produk_Teralis": 1.255342657929616e-05,
  "cat__profile_size_1x4": 1.8916884122982714e-06,
  "cat__profile_size_4x9": 2.827247019059785e-07,
  "cat__profile_size_2x3": 2.719944050586733e-07,
  "num__material_quality": 0.0
}