{
  "num__total_area": 0.660881985698325,
  "cat__jenis_material_Hollow": 0.08048380338028904,
  "cat__jenis_material_Stainless": 0.07906934453959177,
  "num__total_lubang": 0.04144860165071325,
  "cat__produk_Kanopi": 0.024681981832803047,
  "num__ukuran": 0.0203236858627334,
  "num__jumlah_lubang": 0.01910303842588304,
  "cat__finishing_Tanpa Finishing": 0.016233189959483342,
  "cat__finishing_Cat": 0.015557230393323306,
  "cat__produk_Pintu": 0.009538284863923411,
  "ord__kerumitan_desain": 0.005938272421220767,
  "num__ketebalan_material": 0.004222774511388655,
  "num__jumlah_unit": 0.004202471673039509,
  "num__material_base_price": 0.00363045989792026,
  "num__thickness_premium": 0.0035816109978177536,
  "cat__produk_Railing": 0.0029787412470174785,
  "num__profile_premium": 0.002387964860655135,
  "cat__profile_size_4x4": 0.0022542618750658523,
  "cat__profile_size_4x6": 0.002104846952179041,
  "cat__produk_Pagar": 0.0013662128408471633,
  "cat__metode_hitung_Per m\u00b2": 6.617490654180571e-06,
  "cat__produk_Teralis": 2.526264241591111e-06,
  "cat__metode_hitung_Per Lubang": 2.092360883771263e-06
}