{
  "cv_mae": 1105505.0,
  "cv_mae_std": 185303.20118322296,
  "cv_r2": 0.9543832501267726,
  "cv_r2_std": 0.02643695904517237,
  "test_mae": 1239514.8514851485,
  "test_rmse": 1884827.0093560363,
  "test_r2": 0.954216395649794
}