{
  "dataset_size": 600,
  "train_size": 500,
  "test_size": 100,
  "cv_mae": 1195882.2326298703,
  "cv_mae_std": 321195.172727911,
  "cv_r2": 0.9392846608886376,
  "cv_r2_std": 0.027832384034163,
  "test_mae": 1272862.531746032,
  "test_rmse": 1884550.7705343538,
  "test_r2": 0.9491676031977605
}