{
  "num__total_area": 0.660435218553884,
  "num__material_base_price": 0.1889411793179241,
  "cat__jenis_material_Hollow": 0.04830170761933869,
  "num__total_lubang": 0.032511091396007115,
  "num__jumlah_lubang": 0.018457468315628243,
  "cat__finishing_Tanpa Cat": 0.01231275214045931,
  "num__ukuran": 0.009145483481863953,
  "num__jumlah_unit": 0.00646313419022662,
  "cat__produk_Kanopi": 0.00378282255899562,
  "num__thickness_premium": 0.0025255818020064637,
  "num__ketebalan_material": 0.002414416535897962,
  "ord__kerumitan_desain": 0.001978835511432468,
  "cat__profile_size_4x6": 0.001632347381220144,
  "cat__produk_Railing": 0.0013011198496959077,
  "cat__jenis_material_Hollow Stainless": 0.0012564536621298844,
  "num__profile_premium": 0.0011193740252153752,
  "cat__metode_hitung_PER-M2": 0.000990003377921903,
  "cat__profile_size_2inch": 0.0009884999141290694,
  "cat__jenis_material_Pipa Stainless": 0.0009630136420564095,
  "cat__profile_size_1.5inch": 0.000747679685961029,
  "cat__profile_size_4x4": 0.0006952448468911382,
  "cat__metode_hitung_PER-M": 0.0006678025264904841,
  "cat__finishing_Cat Dasar": 0.0003486981334973594,
  "cat__produk_Pagar": 0.00034718422080497673,
  "cat__profile_size_4x8": 0.0003362564184007778,
  "cat__finishing_Cat Duco": 0.00031058913315238176,
  "cat__finishing_Cat Biasa": 0.00028177256000081147,
  "cat__produk_Pintu Gerbang": 0.00022806814484422006,
  "cat__produk_Pintu Handerson": 0.00019162747994397772,
  "cat__profile_size_1x3": 0.00014439380968667118,
  "cat__profile_size_4x7": 7.038069797111336e-05,
  "cat__profile_size_1x4": 5.72565104319824e-05,
  "cat__profile_size_2x2": 2.8669433625935597e-05,
  "cat__profile_size_4x9": 1.4515969244330062e-05,
  "cat__metode_hitung_PER-LUBANG": 7.248213716875676e-06,
  "cat__produk_Teralis": 1.5917426319588073e-06,
  "cat__profile_size_2x3": 5.171966708406922e-07
}