{
  "num__total_area": 0.6465583861979398,
  "num__material_base_price": 0.20310781109959253,
  "cat__jenis_material_Hollow": 0.04577987371189888,
  "num__total_lubang": 0.04060277278442408,
  "num__jumlah_lubang": 0.018155549793883268,
  "num__ukuran": 0.011310998203590732,
  "cat__finishing_Tanpa Cat": 0.004952020314252772,
  "num__thickness_premium": 0.0036910307648788986,
  "num__jumlah_unit": 0.00342403492502799,
  "num__ketebalan_material": 0.00324104576445767,
  "cat__jenis_material_Hollow Stainless": 0.002949082725095434,
  "cat__produk_Kanopi": 0.0026892283696464607,
  "ord__kerumitan_desain": 0.002073635604222362,
  "num__profile_premium": 0.0016376808045259297,
  "cat__profile_size_4x6": 0.001147512668124148,
  "cat__metode_hitung_PER-M": 0.0009816632791124998,
  "cat__jenis_material_Pipa Stainless": 0.0008899004968852095,
  "cat__metode_hitung_PER-M2": 0.0008898841549241816,
  "cat__profile_size_2inch": 0.0008347561185175526,
  "cat__profile_size_4x8": 0.000750889374478352,
  "cat__profile_size_1.5inch": 0.0007221566081056652,
  "cat__produk_Railing": 0.0006436572223166063,
  "cat__finishing_Cat Duco": 0.0005189073355305048,
  "cat__profile_size_4x4": 0.0004781133165434713,
  "cat__produk_Pintu Handerson": 0.00040761683554292903,
  "cat__produk_Pagar": 0.00039703165684921364,
  "cat__finishing_Cat Biasa": 0.00036578934919628565,
  "cat__finishing_Cat Dasar": 0.00035226799045291415,
  "cat__produk_Pintu Gerbang": 0.00023350725767086372,
  "cat__profile_size_1x3": 0.00011319042210548015,
  "cat__profile_size_2x2": 4.060514243258096e-05,
  "cat__profile_size_2x5": 2.2457418154451103e-05,
  "cat__profile_size_1x4": 2.2002921795896152e-05,
  "cat__profile_size_4x9": 6.040680340542136e-06,
  "cat__produk_Teralis": 3.4215918742477207e-06,
  "cat__metode_hitung_PER-LUBANG": 2.658767496893409e-06,
  "cat__profile_size_4x7": 1.4874545462443188e-06,
  "cat__profile_size_2x4": 9.729083600962815e-07,
  "cat__profile_size_2x3": 3.5796520633076144e-07
}