{
  "num__Ukuran_m2": 0.3667807802548053,
  "num__total_area": 0.3150851076158568,
  "cat__Jenis Material_Hollow": 0.09722191682635813,
  "num__Ketebalan_mm": 0.05102136317132922,
  "num__thickness_delta": 0.05010200131457932,
  "cat__Finishing_Powder Coating": 0.04110207814342571,
  "cat__Jenis Material_Besi Siku": 0.028870205460163487,
  "cat__Metode Hitung_Per Lubang": 0.007862620542144401,
  "remainder__is_per_lubang": 0.007659678632311436,
  "cat__Produk_Teralis": 0.007111784867860246,
  "cat__Finishing_Tanpa Cat": 0.004269504453533816,
  "cat__Jenis Material_Aluminium": 0.003844729851486407,
  "cat__Finishing_Cat Duco": 0.0037515452740406402,
  "cat__Finishing_Cat Semprot": 0.0036082030140168497,
  "cat__Jenis Material_Stainless": 0.003426268777715768,
  "cat__Jenis Material_Plat": 0.0029124645203914986,
  "cat__Produk_Pagar": 0.0023108599329379554,
  "cat__Produk_Kanopi": 0.0016413753755468708,
  "cat__Metode Hitung_Per Unit": 0.000631655946744228,
  "cat__Metode Hitung_Per m\u00b2": 0.00024629947223366163,
  "num__total_lubang": 0.00020656246131339602,
  "remainder__is_per_m2": 0.0001884892614325152,
  "cat__Produk_Pintu Gerbang": 0.00013963327379917247,
  "num__Jumlah Lubang": 4.87155597314101e-06,
  "num__Jumlah Unit": 0.0,
  "ord__Kerumitan Desain": 0.0
}