{
  "cv_mae": 3716792.4105526307,
  "cv_mae_std": 2118880.1858490724,
  "cv_r2": 0.8452117056315812,
  "cv_r2_std": 0.16581822492873366,
  "test_mae": 4537105.676000001,
  "test_rmse": 7357000.79779064,
  "test_r2": 0.8740863399963676
}