{
  "dataset_size": 600,
  "train_size": 500,
  "test_size": 100,
  "cv_mae": 925191.5,
  "cv_mae_std": 371191.64249212295,
  "cv_r2": 0.9555579104548448,
  "cv_r2_std": 0.040377002846914825,
  "test_mae": 883412.5,
  "test_rmse": 1369446.776302387,
  "test_r2": 0.9731579785143325
}