{
  "cv_mae": 1043776.875,
  "cv_mae_std": 123403.88248551988,
  "cv_r2": 0.9574769422827893,
  "cv_r2_std": 0.024508065358426513,
  "test_mae": 1022240.0990099009,
  "test_rmse": 1503357.1151651964,
  "test_r2": 0.9696973920362518
}